Data as of,Start Date,End Date,Sex,Age Years,Total deaths,COVID-19 Deaths
03/30/2022,01/01/2020,03/26/2022,Female,0-05 Months,17430,89
03/30/2022,01/01/2020,03/26/2022,Male,0-05 Months,21357,103
03/30/2022,01/01/2020,03/26/2022,Female,06-11 Months,1506,22
03/30/2022,01/01/2020,03/26/2022,Male,06-11 Months,1899,30
03/30/2022,01/01/2020,03/26/2022,Female,01 Year,1374,20
03/30/2022,01/01/2020,03/26/2022,Male,01 Year,1689,35
03/30/2022,01/01/2020,03/26/2022,Female,02 Years,853,13
03/30/2022,01/01/2020,03/26/2022,Male,02 Years,1117,9
03/30/2022,01/01/2020,03/26/2022,Female,03 Years,642,10
03/30/2022,01/01/2020,03/26/2022,Male,03 Years,917,10
03/30/2022,01/01/2020,03/26/2022,Female,04 Years,558,14
03/30/2022,01/01/2020,03/26/2022,Male,04 Years,706,8
03/30/2022,01/01/2020,03/26/2022,Female,05 Years,473,9
03/30/2022,01/01/2020,03/26/2022,Male,05 Years,672,11
03/30/2022,01/01/2020,03/26/2022,Female,06 Years,451,12
03/30/2022,01/01/2020,03/26/2022,Male,06 Years,606,10
03/30/2022,01/01/2020,03/26/2022,Female,07 Years,444,14
03/30/2022,01/01/2020,03/26/2022,Male,07 Years,532,10
03/30/2022,01/01/2020,03/26/2022,Female,08 Years,417,10
03/30/2022,01/01/2020,03/26/2022,Male,08 Years,486,13
03/30/2022,01/01/2020,03/26/2022,Female,09 Years,376,13
03/30/2022,01/01/2020,03/26/2022,Male,09 Years,524,22
03/30/2022,01/01/2020,03/26/2022,Female,10 Years,419,10
03/30/2022,01/01/2020,03/26/2022,Male,10 Years,595,15
03/30/2022,01/01/2020,03/26/2022,Female,11 Years,464,10
03/30/2022,01/01/2020,03/26/2022,Male,11 Years,667,12
03/30/2022,01/01/2020,03/26/2022,Female,12 Years,579,16
03/30/2022,01/01/2020,03/26/2022,Male,12 Years,745,20
03/30/2022,01/01/2020,03/26/2022,Female,13 Years,697,22
03/30/2022,01/01/2020,03/26/2022,Male,13 Years,1082,26
03/30/2022,01/01/2020,03/26/2022,Female,14 Years,817,26
03/30/2022,01/01/2020,03/26/2022,Male,14 Years,1480,19
03/30/2022,01/01/2020,03/26/2022,Female,15 Years,960,40
03/30/2022,01/01/2020,03/26/2022,Male,15 Years,2031,42
03/30/2022,01/01/2020,03/26/2022,Female,16 Years,1223,33
03/30/2022,01/01/2020,03/26/2022,Male,16 Years,2854,50
03/30/2022,01/01/2020,03/26/2022,Female,17 Years,1421,56
03/30/2022,01/01/2020,03/26/2022,Male,17 Years,3793,66
03/30/2022,01/01/2020,03/26/2022,Female,18 Years,1923,60
03/30/2022,01/01/2020,03/26/2022,Male,18 Years,5244,102
03/30/2022,01/01/2020,03/26/2022,Female,19 Years,2074,91
03/30/2022,01/01/2020,03/26/2022,Male,19 Years,6283,135
03/30/2022,01/01/2020,03/26/2022,Female,20 Years,2335,113
03/30/2022,01/01/2020,03/26/2022,Male,20 Years,6606,148
03/30/2022,01/01/2020,03/26/2022,Female,21 Years,2643,110
03/30/2022,01/01/2020,03/26/2022,Male,21 Years,7494,190
03/30/2022,01/01/2020,03/26/2022,Female,22 Years,2699,176
03/30/2022,01/01/2020,03/26/2022,Male,22 Years,7864,210
03/30/2022,01/01/2020,03/26/2022,Female,23 Years,3013,172
03/30/2022,01/01/2020,03/26/2022,Male,23 Years,8137,261
03/30/2022,01/01/2020,03/26/2022,Female,24 Years,3152,197
03/30/2022,01/01/2020,03/26/2022,Male,24 Years,8677,319
03/30/2022,01/01/2020,03/26/2022,Female,25 Years,3451,222
03/30/2022,01/01/2020,03/26/2022,Male,25 Years,9282,316
03/30/2022,01/01/2020,03/26/2022,Female,26 Years,3723,243
03/30/2022,01/01/2020,03/26/2022,Male,26 Years,9839,382
03/30/2022,01/01/2020,03/26/2022,Female,27 Years,4090,299
03/30/2022,01/01/2020,03/26/2022,Male,27 Years,10577,456
03/30/2022,01/01/2020,03/26/2022,Female,28 Years,4409,322
03/30/2022,01/01/2020,03/26/2022,Male,28 Years,11370,550
03/30/2022,01/01/2020,03/26/2022,Female,29 Years,4966,374
03/30/2022,01/01/2020,03/26/2022,Male,29 Years,12117,640
03/30/2022,01/01/2020,03/26/2022,Female,30 Years,5349,484
03/30/2022,01/01/2020,03/26/2022,Male,30 Years,12785,701
03/30/2022,01/01/2020,03/26/2022,Female,31 Years,5533,507
03/30/2022,01/01/2020,03/26/2022,Male,31 Years,13170,807
03/30/2022,01/01/2020,03/26/2022,Female,32 Years,5984,566
03/30/2022,01/01/2020,03/26/2022,Male,32 Years,13240,842
03/30/2022,01/01/2020,03/26/2022,Female,33 Years,6307,574
03/30/2022,01/01/2020,03/26/2022,Male,33 Years,13454,926
03/30/2022,01/01/2020,03/26/2022,Female,34 Years,6475,612
03/30/2022,01/01/2020,03/26/2022,Male,34 Years,13794,1054
03/30/2022,01/01/2020,03/26/2022,Female,35 Years,6846,673
03/30/2022,01/01/2020,03/26/2022,Male,35 Years,14183,1090
03/30/2022,01/01/2020,03/26/2022,Female,36 Years,7191,720
03/30/2022,01/01/2020,03/26/2022,Male,36 Years,14570,1204
03/30/2022,01/01/2020,03/26/2022,Female,37 Years,7642,752
03/30/2022,01/01/2020,03/26/2022,Male,37 Years,15086,1356
03/30/2022,01/01/2020,03/26/2022,Female,38 Years,8072,877
03/30/2022,01/01/2020,03/26/2022,Male,38 Years,15588,1408
03/30/2022,01/01/2020,03/26/2022,Female,39 Years,8600,952
03/30/2022,01/01/2020,03/26/2022,Male,39 Years,16606,1607
03/30/2022,01/01/2020,03/26/2022,Female,40 Years,8989,1083
03/30/2022,01/01/2020,03/26/2022,Male,40 Years,17064,1640
03/30/2022,01/01/2020,03/26/2022,Female,41 Years,9473,1120
03/30/2022,01/01/2020,03/26/2022,Male,41 Years,17523,1880
03/30/2022,01/01/2020,03/26/2022,Female,42 Years,9760,1267
03/30/2022,01/01/2020,03/26/2022,Male,42 Years,17508,2034
03/30/2022,01/01/2020,03/26/2022,Female,43 Years,10102,1356
03/30/2022,01/01/2020,03/26/2022,Male,43 Years,18013,2164
03/30/2022,01/01/2020,03/26/2022,Female,44 Years,10495,1443
03/30/2022,01/01/2020,03/26/2022,Male,44 Years,18494,2480
03/30/2022,01/01/2020,03/26/2022,Female,45 Years,11077,1495
03/30/2022,01/01/2020,03/26/2022,Male,45 Years,19065,2680
03/30/2022,01/01/2020,03/26/2022,Female,46 Years,11963,1692
03/30/2022,01/01/2020,03/26/2022,Male,46 Years,20410,2924
03/30/2022,01/01/2020,03/26/2022,Female,47 Years,12811,1767
03/30/2022,01/01/2020,03/26/2022,Male,47 Years,21695,3181
03/30/2022,01/01/2020,03/26/2022,Female,48 Years,14157,2071
03/30/2022,01/01/2020,03/26/2022,Male,48 Years,24205,3638
03/30/2022,01/01/2020,03/26/2022,Female,49 Years,15954,2302
03/30/2022,01/01/2020,03/26/2022,Male,49 Years,27011,3972
03/30/2022,01/01/2020,03/26/2022,Female,50 Years,17865,2537
03/30/2022,01/01/2020,03/26/2022,Male,50 Years,30026,4586
03/30/2022,01/01/2020,03/26/2022,Female,51 Years,18741,2604
03/30/2022,01/01/2020,03/26/2022,Male,51 Years,31389,4818
03/30/2022,01/01/2020,03/26/2022,Female,52 Years,19821,2766
03/30/2022,01/01/2020,03/26/2022,Male,52 Years,33285,5187
03/30/2022,01/01/2020,03/26/2022,Female,53 Years,21094,2933
03/30/2022,01/01/2020,03/26/2022,Male,53 Years,35110,5299
03/30/2022,01/01/2020,03/26/2022,Female,54 Years,22922,3237
03/30/2022,01/01/2020,03/26/2022,Male,54 Years,38695,5701
03/30/2022,01/01/2020,03/26/2022,Female,55 Years,25842,3543
03/30/2022,01/01/2020,03/26/2022,Male,55 Years,42887,6208
03/30/2022,01/01/2020,03/26/2022,Female,56 Years,28952,4016
03/30/2022,01/01/2020,03/26/2022,Male,56 Years,47948,7050
03/30/2022,01/01/2020,03/26/2022,Female,57 Years,32027,4339
03/30/2022,01/01/2020,03/26/2022,Male,57 Years,51831,7319
03/30/2022,01/01/2020,03/26/2022,Female,58 Years,34352,4850
03/30/2022,01/01/2020,03/26/2022,Male,58 Years,56463,7832
03/30/2022,01/01/2020,03/26/2022,Female,59 Years,38114,5278
03/30/2022,01/01/2020,03/26/2022,Male,59 Years,60577,8709
03/30/2022,01/01/2020,03/26/2022,Female,60 Years,40855,5662
03/30/2022,01/01/2020,03/26/2022,Male,60 Years,65296,9322
03/30/2022,01/01/2020,03/26/2022,Female,61 Years,43592,6115
03/30/2022,01/01/2020,03/26/2022,Male,61 Years,68908,9776
03/30/2022,01/01/2020,03/26/2022,Female,62 Years,46349,6633
03/30/2022,01/01/2020,03/26/2022,Male,62 Years,72262,10443
03/30/2022,01/01/2020,03/26/2022,Female,63 Years,49345,7122
03/30/2022,01/01/2020,03/26/2022,Male,63 Years,76450,10912
03/30/2022,01/01/2020,03/26/2022,Female,64 Years,51694,7520
03/30/2022,01/01/2020,03/26/2022,Male,64 Years,79126,11289
03/30/2022,01/01/2020,03/26/2022,Female,65 Years,53365,7775
03/30/2022,01/01/2020,03/26/2022,Male,65 Years,80859,11808
03/30/2022,01/01/2020,03/26/2022,Female,66 Years,55050,7843
03/30/2022,01/01/2020,03/26/2022,Male,66 Years,82575,11982
03/30/2022,01/01/2020,03/26/2022,Female,67 Years,57101,8091
03/30/2022,01/01/2020,03/26/2022,Male,67 Years,83938,12114
03/30/2022,01/01/2020,03/26/2022,Female,68 Years,59242,8461
03/30/2022,01/01/2020,03/26/2022,Male,68 Years,85782,12635
03/30/2022,01/01/2020,03/26/2022,Female,69 Years,61616,8789
03/30/2022,01/01/2020,03/26/2022,Male,69 Years,86845,12960
03/30/2022,01/01/2020,03/26/2022,Female,70 Years,64458,8959
03/30/2022,01/01/2020,03/26/2022,Male,70 Years,89535,13474
03/30/2022,01/01/2020,03/26/2022,Female,71 Years,68403,9544
03/30/2022,01/01/2020,03/26/2022,Male,71 Years,91208,13633
03/30/2022,01/01/2020,03/26/2022,Female,72 Years,73505,10109
03/30/2022,01/01/2020,03/26/2022,Male,72 Years,96215,14540
03/30/2022,01/01/2020,03/26/2022,Female,73 Years,79470,10685
03/30/2022,01/01/2020,03/26/2022,Male,73 Years,102563,15511
03/30/2022,01/01/2020,03/26/2022,Female,74 Years,79374,10956
03/30/2022,01/01/2020,03/26/2022,Male,74 Years,99960,15260
03/30/2022,01/01/2020,03/26/2022,Female,75 Years,74497,9989
03/30/2022,01/01/2020,03/26/2022,Male,75 Years,92007,14174
03/30/2022,01/01/2020,03/26/2022,Female,76 Years,77878,10286
03/30/2022,01/01/2020,03/26/2022,Male,76 Years,93525,14103
03/30/2022,01/01/2020,03/26/2022,Female,77 Years,84998,10984
03/30/2022,01/01/2020,03/26/2022,Male,77 Years,100048,14971
03/30/2022,01/01/2020,03/26/2022,Female,78 Years,88419,11481
03/30/2022,01/01/2020,03/26/2022,Male,78 Years,102140,15296
03/30/2022,01/01/2020,03/26/2022,Female,79 Years,87308,11045
03/30/2022,01/01/2020,03/26/2022,Male,79 Years,98406,14674
03/30/2022,01/01/2020,03/26/2022,Female,80 Years,88368,10913
03/30/2022,01/01/2020,03/26/2022,Male,80 Years,95652,14224
03/30/2022,01/01/2020,03/26/2022,Female,81 Years,89959,11102
03/30/2022,01/01/2020,03/26/2022,Male,81 Years,95166,13825
03/30/2022,01/01/2020,03/26/2022,Female,82 Years,93590,11551
03/30/2022,01/01/2020,03/26/2022,Male,82 Years,94863,13728
03/30/2022,01/01/2020,03/26/2022,Female,83 Years,95822,11522
03/30/2022,01/01/2020,03/26/2022,Male,83 Years,94828,13763
03/30/2022,01/01/2020,03/26/2022,Female,84 Years,98097,11713
03/30/2022,01/01/2020,03/26/2022,Male,84 Years,93082,13140
03/30/2022,01/01/2020,03/26/2022,Female,85 Years and over,1311788,140717
03/30/2022,01/01/2020,03/26/2022,Male,85 Years and over,855422,110283
